<?xml version="1.0" encoding="UTF-8"?>
<project-private xmlns="http://www.netbeans.org/ns/project-private/1">
    <editor-bookmarks xmlns="http://www.netbeans.org/ns/editor-bookmarks/2" lastBookmarkId="0"/>
    <open-files xmlns="http://www.netbeans.org/ns/projectui-open-files/2">
        <group>
            <file>file:/C:/Users/juanc/OneDrive/Documentos/NetBeansProjects/SUPER_EXPRESS/src/IMAGENES/producto.png</file>
            <file>file:/C:/Users/juanc/OneDrive/Documentos/NetBeansProjects/SUPER_EXPRESS/src/GUI/PLATAFORMA_US.java</file>
            <file>file:/C:/Users/juanc/OneDrive/Documentos/NetBeansProjects/SUPER_EXPRESS/src/IMAGENES/fondo_producto.png</file>
            <file>file:/C:/Users/juanc/OneDrive/Documentos/NetBeansProjects/SUPER_EXPRESS/src/IMAGENES/pedidosTit.png</file>
            <file>file:/C:/Users/juanc/OneDrive/Documentos/NetBeansProjects/SUPER_EXPRESS/src/IMAGENES/modificar.png</file>
        </group>
    </open-files>
</project-private>
